[
    {
        "name": "ميونخ",
        "code": "MUC",
        "country": "DE",
        "longtitude": "0114710E",
        "latitude": "482114N",
        "shortName": " مطار ميونخ الدولي",
        "countryName": "ألمانيا",
        "timeZoneCode": "DE",
        "standardVariation": 60,
        "macCode": "",
        "macCodeApplicable": false
    },
    {
        "name": "Abu Simbel Airport",
        "code": "ABS",
        "country": "EG",
        "longtitude": "0313642E",
        "latitude": "222233N",
        "shortName": "Abu Simbel Airport",
        "countryName": "مصر",
        "timeZoneCode": "EG",
        "standardVariation": 120,
        "macCode": "",
        "macCodeApplicable": false
    },
    {
        "name": "Aswan",
        "code": "ASW",
        "country": "EG",
        "longtitude": "0324918E",
        "latitude": "235754N",
        "shortName": "Aswan",
        "countryName": "مصر",
        "timeZoneCode": "EG",
        "standardVariation": 120,
        "macCode": "",
        "macCodeApplicable": false
    },
    {
        "name": "Boukhalef Airport",
        "code": "TNG",
        "country": "MA",
        "longtitude": "0055500W",
        "latitude": "354300N",
        "shortName": "Boukhalef Airport",
        "countryName": "المغرب",
        "timeZoneCode": "MA",
        "standardVariation": 0,
        "macCode": "",
        "macCodeApplicable": false
    },
    {
        "name": "Cukurova International Airport",
        "code": "COV",
        "country": "TR",
        "longtitude": "0350403E",
        "latitude": "365349N",
        "shortName": "Cukurova International Airport",
        "countryName": "تركيا",
        "timeZoneCode": "TR",
        "standardVariation": 180,
        "macCode": "",
        "macCodeApplicable": false
    },
    {
        "name": "Sale Airport",
        "code": "RBA",
        "country": "MA",
        "longtitude": "0064525W",
        "latitude": "340300N",
        "shortName": "Sale Airport",
        "countryName": "المغرب",
        "timeZoneCode": "MA",
        "standardVariation": 0,
        "macCode": "",
        "macCodeApplicable": false
    },
    {
        "name": "العلمين الساحل الشمالي ",
        "code": "DBB",
        "country": "EG",
        "longtitude": "0282741E",
        "latitude": "305528N",
        "shortName": "العلمين الساحل الشمالي",
        "countryName": "مصر",
        "timeZoneCode": "EG",
        "standardVariation": 120,
        "macCode": "",
        "macCodeApplicable": false
    },
    {
        "name": "أبها",
        "code": "AHB",
        "country": "SA",
        "longtitude": "0423924E",
        "latitude": "181425N",
        "shortName": "مطار أبها",
        "countryName": "المملكة العربية السعودية",
        "timeZoneCode": "SA",
        "standardVariation": 180,
        "macCode": "",
        "macCodeApplicable": false
    },
    {
        "name": "أبو ظبي",
        "code": "AUH",
        "country": "AE",
        "longtitude": "0543904E",
        "latitude": "242559N",
        "shortName": "مطار أبو ظبي الدولي",
        "countryName": "الإمارات العربية المتحدة",
        "timeZoneCode": "AE",
        "standardVariation": 240,
        "macCode": "",
        "macCodeApplicable": false
    },
    {
        "name": "أثينا",
        "code": "ATH",
        "country": "GR",
        "longtitude": "0235640E",
        "latitude": "375611N",
        "shortName": "مطار أثينا الدولي",
        "countryName": "اليونان",
        "timeZoneCode": "GR",
        "standardVariation": 120,
        "macCode": "",
        "macCodeApplicable": false
    },
    {
        "name": "ادرميت",
        "code": "EDO",
        "country": "TR",
        "longtitude": "0270050E",
        "latitude": "393317N",
        "shortName": "مطار ادرميت",
        "countryName": "تركيا",
        "timeZoneCode": "TR",
        "standardVariation": 180,
        "macCode": "",
        "macCodeApplicable": false
    },
    {
        "name": "إدنبرة",
        "code": "EDI",
        "country": "GB",
        "longtitude": "0032221W",
        "latitude": "555700N",
        "shortName": "مطار إدنبرة",
        "countryName": "المملكة المتحدة",
        "timeZoneCode": "GB",
        "standardVariation": 0,
        "macCode": "",
        "macCodeApplicable": false
    },
    {
        "name": "أديس أبابا",
        "code": "ADD",
        "country": "ET",
        "longtitude": "0384753E",
        "latitude": "085840N",
        "shortName": "مطار أديس أبابا بولي الدولي",
        "countryName": "إثيوبيا",
        "timeZoneCode": "ET",
        "standardVariation": 180,
        "macCode": "",
        "macCodeApplicable": false
    },
    {
        "name": "أربيل",
        "code": "EBL",
        "country": "IQ",
        "longtitude": "0435747E",
        "latitude": "361416N",
        "shortName": "مطار أربيل الدولي",
        "countryName": "العراق",
        "timeZoneCode": "IQ",
        "standardVariation": 180,
        "macCode": "",
        "macCodeApplicable": false
    },
    {
        "name": "إرهاتش",
        "code": "MLX",
        "country": "TR",
        "longtitude": "0381513E",
        "latitude": "382116N",
        "shortName": "مطار إرهاتش",
        "countryName": "تركيا",
        "timeZoneCode": "TR",
        "standardVariation": 180,
        "macCode": "",
        "macCodeApplicable": false
    },
    {
        "name": "اسطنبول جميع المطارات ",
        "code": "TR1",
        "country": "TR",
        "longtitude": "0284433E",
        "latitude": "411614N",
        "shortName": "اسطنبول جميع المطارات ",
        "countryName": "تركيا",
        "timeZoneCode": null,
        "standardVariation": 0,
        "macCode": "MAC",
        "macCodeApplicable": false
    },
    {
        "name": "اسطنبول",
        "code": "IST",
        "country": "TR",
        "longtitude": "0284433E",
        "latitude": "411614N",
        "shortName": "مطار إسطنبول",
        "countryName": "تركيا",
        "timeZoneCode": "TR",
        "standardVariation": 180,
        "macCode": "TR1",
        "macCodeApplicable": true
    },
    {
        "name": "إسلام أباد",
        "code": "ISB",
        "country": "PK",
        "longtitude": "0730615E",
        "latitude": "333650N",
        "shortName": "مطار إسلام آباد الدولي",
        "countryName": "باكستان",
        "timeZoneCode": "PK",
        "standardVariation": 300,
        "macCode": "",
        "macCodeApplicable": false
    },
    {
        "name": "طشقند",
        "code": "TAS",
        "country": "UZ",
        "longtitude": "0691700E",
        "latitude": "411500N",
        "shortName": "مطار إسلام كريموف الدولي بطشقند",
        "countryName": "أوزبكستان",
        "timeZoneCode": "UZ",
        "standardVariation": 300,
        "macCode": "",
        "macCodeApplicable": false
    },
    {
        "name": "أسمرة ",
        "code": "ASM",
        "country": "ER",
        "longtitude": "0385437E",
        "latitude": "151728N",
        "shortName": "مطار أسمرا الدولي",
        "countryName": "إريتريا",
        "timeZoneCode": "ER",
        "standardVariation": 180,
        "macCode": "",
        "macCodeApplicable": false
    },
    {
        "name": "أنقرة",
        "code": "ESB",
        "country": "TR",
        "longtitude": "0325942E",
        "latitude": "400741N",
        "shortName": "مطار أسنبوجا",
        "countryName": "تركيا",
        "timeZoneCode": "TR",
        "standardVariation": 180,
        "macCode": "",
        "macCodeApplicable": false
    },
    {
        "name": "أسيوط",
        "code": "ATZ",
        "country": "EG",
        "longtitude": "0310000E",
        "latitude": "270200N",
        "shortName": "مطار أسيوط",
        "countryName": "مصر",
        "timeZoneCode": "EG",
        "standardVariation": 120,
        "macCode": "",
        "macCodeApplicable": false
    },
    {
        "name": "أضنة",
        "code": "ADA",
        "country": "TR",
        "longtitude": "0351649E",
        "latitude": "365856N",
        "shortName": "مطار أضنة شاكرباشا الدولي",
        "countryName": "تركيا",
        "timeZoneCode": "TR",
        "standardVariation": 180,
        "macCode": "",
        "macCodeApplicable": false
    },
    {
        "name": "Agadir Almassira Airport",
        "code": "AGA",
        "country": "MA",
        "longtitude": "0092447W",
        "latitude": "301930N",
        "shortName": "مطار اغادير المسيرة الدولي",
        "countryName": "المغرب",
        "timeZoneCode": "MA",
        "standardVariation": 0,
        "macCode": "",
        "macCodeApplicable": false
    },
    {
        "name": "اغدير",
        "code": "IGD",
        "country": "TR",
        "longtitude": "0435304E",
        "latitude": "395822N",
        "shortName": "مطار اغدير",
        "countryName": "تركيا",
        "timeZoneCode": "TR",
        "standardVariation": 180,
        "macCode": "",
        "macCodeApplicable": false
    },
    {
        "name": "جميع مطارات دبي ",
        "code": "AE1",
        "country": "AE",
        "longtitude": "0550936E",
        "latitude": "245346N",
        "shortName": "جميع مطارات دبي ",
        "countryName": "الإمارات العربية المتحدة",
        "timeZoneCode": null,
        "standardVariation": 0,
        "macCode": "MAC",
        "macCodeApplicable": false
    },
    {
        "name": "دبي - آل مكتوم",
        "code": "DWC",
        "country": "AE",
        "longtitude": "0550936E",
        "latitude": "245346N",
        "shortName": "مطار آل مكتوم الدولي",
        "countryName": "الإمارات العربية المتحدة",
        "timeZoneCode": "AE",
        "standardVariation": 240,
        "macCode": "AE1",
        "macCodeApplicable": true
    },
    {
        "name": "الأقصر",
        "code": "LXR",
        "country": "EG",
        "longtitude": "0324224E",
        "latitude": "254016N",
        "shortName": "مطار الأقصر الدولي",
        "countryName": "مصر",
        "timeZoneCode": "EG",
        "standardVariation": 120,
        "macCode": "",
        "macCodeApplicable": false
    },
    {
        "name": "تبوك",
        "code": "TUU",
        "country": "SA",
        "longtitude": "0363708E",
        "latitude": "282156N",
        "shortName": "مطار الأمير سلطان بن عبد العزيز",
        "countryName": "المملكة العربية السعودية",
        "timeZoneCode": "SA",
        "standardVariation": 180,
        "macCode": "",
        "macCodeApplicable": false
    },
    {
        "name": "العلا",
        "code": "ULH",
        "country": "SA",
        "longtitude": "0380619E",
        "latitude": "262923N",
        "shortName": "مطار الأمير عبد المجيد بن عبد العزيز",
        "countryName": "المملكة العربية السعودية",
        "timeZoneCode": "SA",
        "standardVariation": 180,
        "macCode": "",
        "macCodeApplicable": false
    },
    {
        "name": "ينبع",
        "code": "YNB",
        "country": "SA",
        "longtitude": "0380348E",
        "latitude": "240839N",
        "shortName": "مطار الأمير عبد المحسن بن عبد العزيز",
        "countryName": "المملكة العربية السعودية",
        "timeZoneCode": "SA",
        "standardVariation": 180,
        "macCode": "",
        "macCodeApplicable": false
    },
    {
        "name": "المدينة المنورة",
        "code": "MED",
        "country": "SA",
        "longtitude": "0394218E",
        "latitude": "243312N",
        "shortName": "مطار الأمير محمد بن عبد العزيز الدولي",
        "countryName": "المملكة العربية السعودية",
        "timeZoneCode": "SA",
        "standardVariation": 180,
        "macCode": "",
        "macCodeApplicable": false
    },
    {
        "name": "القصيم",
        "code": "ELQ",
        "country": "SA",
        "longtitude": "0434626E",
        "latitude": "261810N",
        "shortName": "مطار الأمير نايف بن عبدالعزيز الدولي",
        "countryName": "المملكة العربية السعودية",
        "timeZoneCode": "SA",
        "standardVariation": 180,
        "macCode": "",
        "macCodeApplicable": false
    },
    {
        "name": "البحرين",
        "code": "BAH",
        "country": "BH",
        "longtitude": "0503815E",
        "latitude": "261615N",
        "shortName": "مطار البحرين الدولي",
        "countryName": "البحرين",
        "timeZoneCode": "BH",
        "standardVariation": 180,
        "macCode": "",
        "macCodeApplicable": false
    },
    {
        "name": "الجوف",
        "code": "AJF",
        "country": "SA",
        "longtitude": "0400600E",
        "latitude": "294706N",
        "shortName": "مطار الجوف",
        "countryName": "المملكة العربية السعودية",
        "timeZoneCode": "SA",
        "standardVariation": 180,
        "macCode": "",
        "macCodeApplicable": false
    },
    {
        "name": "الخرطوم",
        "code": "KRT",
        "country": "SD",
        "longtitude": "0323311E",
        "latitude": "153522N",
        "shortName": "مطار الخرطوم الدولي",
        "countryName": "السودان",
        "timeZoneCode": "SD",
        "standardVariation": 120,
        "macCode": "",
        "macCodeApplicable": false
    },
    {
        "name": "الشارقة",
        "code": "SHJ",
        "country": "AE",
        "longtitude": "0552345E",
        "latitude": "252045N",
        "shortName": "مطار الشارقة الدولي",
        "countryName": "الإمارات العربية المتحدة",
        "timeZoneCode": "AE",
        "standardVariation": 240,
        "macCode": "",
        "macCodeApplicable": false
    },
    {
        "name": "الطائف",
        "code": "TIF",
        "country": "SA",
        "longtitude": "0403236E",
        "latitude": "212918N",
        "shortName": "مطار الطائف الدولي",
        "countryName": "المملكة العربية السعودية",
        "timeZoneCode": "SA",
        "standardVariation": 180,
        "macCode": "",
        "macCodeApplicable": false
    },
    {
        "name": "الغردقة",
        "code": "HRG",
        "country": "EG",
        "longtitude": "0334805E",
        "latitude": "271043N",
        "shortName": "مطار الغردقة الدولى",
        "countryName": "مصر",
        "timeZoneCode": "EG",
        "standardVariation": 120,
        "macCode": "",
        "macCodeApplicable": false
    },
    {
        "name": "القاهرة، جميع المطارات ",
        "code": "EG1",
        "country": "EG",
        "longtitude": "0312420E",
        "latitude": "300719N",
        "shortName": "القاهرة، جميع المطارات ",
        "countryName": "مصر",
        "timeZoneCode": null,
        "standardVariation": 0,
        "macCode": "MAC",
        "macCodeApplicable": false
    },
    {
        "name": "القاهرة",
        "code": "CAI",
        "country": "EG",
        "longtitude": "0312420E",
        "latitude": "300719N",
        "shortName": "مطار القاهرة الدولى",
        "countryName": "مصر",
        "timeZoneCode": "EG",
        "standardVariation": 120,
        "macCode": "EG1",
        "macCodeApplicable": true
    },
    {
        "name": "أحمد أباد",
        "code": "AMD",
        "country": "IN",
        "longtitude": "0723805E",
        "latitude": "230438N",
        "shortName": "مطار القديس فالابابي باتل الدولي",
        "countryName": "الهند",
        "timeZoneCode": "IN",
        "standardVariation": 330,
        "macCode": "",
        "macCodeApplicable": false
    },
    {
        "name": "القريات",
        "code": "URY",
        "country": "SA",
        "longtitude": "0371646E",
        "latitude": "312443N",
        "shortName": "مطار القريات",
        "countryName": "المملكة العربية السعودية",
        "timeZoneCode": "SA",
        "standardVariation": 180,
        "macCode": "",
        "macCodeApplicable": false
    },
    {
        "name": "القيصومة",
        "code": "AQI",
        "country": "SA",
        "longtitude": "0460730E",
        "latitude": "282007N",
        "shortName": "مطار القيصومة",
        "countryName": "المملكة العربية السعودية",
        "timeZoneCode": "SA",
        "standardVariation": 180,
        "macCode": "",
        "macCodeApplicable": false
    },
    {
        "name": "الكويت",
        "code": "KWI",
        "country": "KW",
        "longtitude": "0475808E",
        "latitude": "291336N",
        "shortName": "مطار الكويت الدولي",
        "countryName": "الكويت",
        "timeZoneCode": "KW",
        "standardVariation": 180,
        "macCode": "",
        "macCodeApplicable": false
    },
    {
        "name": "ألماتي",
        "code": "ALA",
        "country": "KZ",
        "longtitude": "0770232E",
        "latitude": "432112N",
        "shortName": "مطار ألماتي الدولي",
        "countryName": "كازاخستان",
        "timeZoneCode": "KZ2",
        "standardVariation": 0,
        "macCode": "",
        "macCodeApplicable": false
    },
    {
        "name": "الرياض",
        "code": "RUH",
        "country": "SA",
        "longtitude": "0464156E",
        "latitude": "245728N",
        "shortName": "مطار الملك خالد الدولي",
        "countryName": "المملكة العربية السعودية",
        "timeZoneCode": "SA",
        "standardVariation": 180,
        "macCode": "",
        "macCodeApplicable": false
    },
    {
        "name": "الباحة",
        "code": "ABT",
        "country": "SA",
        "longtitude": "0413800E",
        "latitude": "201708N",
        "shortName": "مطار الملك سعود بن عبدالعزيز بالباحة",
        "countryName": "المملكة العربية السعودية",
        "timeZoneCode": "SA",
        "standardVariation": 180,
        "macCode": "",
        "macCodeApplicable": false
    },
    {
        "name": "جازان",
        "code": "GIZ",
        "country": "SA",
        "longtitude": "0423509E",
        "latitude": "165404N",
        "shortName": "مطار الملك عبد الله بن عبد العزيز",
        "countryName": "المملكة العربية السعودية",
        "timeZoneCode": "SA",
        "standardVariation": 180,
        "macCode": "",
        "macCodeApplicable": false
    },
    {
        "name": "جدة",
        "code": "JED",
        "country": "SA",
        "longtitude": "0390924E",
        "latitude": "214046N",
        "shortName": "مطار الملك عبدالعزيز الدولي",
        "countryName": "المملكة العربية السعودية",
        "timeZoneCode": "SA",
        "standardVariation": 180,
        "macCode": "",
        "macCodeApplicable": false
    },
    {
        "name": "الدمام",
        "code": "DMM",
        "country": "SA",
        "longtitude": "0494752E",
        "latitude": "262816N",
        "shortName": "مطار الملك فهد الدولي",
        "countryName": "المملكة العربية السعودية",
        "timeZoneCode": "SA",
        "standardVariation": 180,
        "macCode": "",
        "macCodeApplicable": false
    },
    {
        "name": "عَمَّان",
        "code": "AMM",
        "country": "JO",
        "longtitude": "0360000E",
        "latitude": "314300N",
        "shortName": "مطار الملكة علياء الدولي",
        "countryName": "الأردن",
        "timeZoneCode": "JO",
        "standardVariation": 180,
        "macCode": "",
        "macCodeApplicable": false
    },
    {
        "name": "النجف، العراق",
        "code": "NJF",
        "country": "IQ",
        "longtitude": "0442415E",
        "latitude": "315923N",
        "shortName": "مطار النجف الدولي",
        "countryName": "العراق",
        "timeZoneCode": "IQ",
        "standardVariation": 180,
        "macCode": "",
        "macCodeApplicable": false
    },
    {
        "name": "الهفوف",
        "code": "HOF",
        "country": "SA",
        "longtitude": "0492907E",
        "latitude": "251707N",
        "shortName": "مطار الهفوف",
        "countryName": "المملكة العربية السعودية",
        "timeZoneCode": "SA",
        "standardVariation": 180,
        "macCode": "",
        "macCodeApplicable": false
    },
    {
        "name": "أمبولي",
        "code": "JIB",
        "country": "DJ",
        "longtitude": "0430934E",
        "latitude": "113250N",
        "shortName": "مطار امبولي الدولي",
        "countryName": "جيبوتي",
        "timeZoneCode": "DJ",
        "standardVariation": 180,
        "macCode": "",
        "macCodeApplicable": false
    },
    {
        "name": "دلهي",
        "code": "DEL",
        "country": "IN",
        "longtitude": "0770611E",
        "latitude": "283359N",
        "shortName": "مطار انديرا غاندي الدولي",
        "countryName": "الهند",
        "timeZoneCode": "IN",
        "standardVariation": 330,
        "macCode": "",
        "macCodeApplicable": false
    },
    {
        "name": "أنطاليا",
        "code": "AYT",
        "country": "TR",
        "longtitude": "0304802E",
        "latitude": "365355N",
        "shortName": "مطار أنطاليا الدولي",
        "countryName": "تركيا",
        "timeZoneCode": "TR",
        "standardVariation": 180,
        "macCode": "",
        "macCodeApplicable": false
    },
    {
        "name": "سيئول",
        "code": "ICN",
        "country": "KR",
        "longtitude": "1262702E",
        "latitude": "372809N",
        "shortName": "مطار انكيون الدولي",
        "countryName": "كوريا الجنوبية",
        "timeZoneCode": "KR",
        "standardVariation": 540,
        "macCode": "",
        "macCodeApplicable": false
    },
    {
        "name": "اودايبور",
        "code": "UDR",
        "country": "IN",
        "longtitude": "0735346E",
        "latitude": "243654N",
        "shortName": "مطار اودايبور",
        "countryName": "الهند",
        "timeZoneCode": "IN",
        "standardVariation": 330,
        "macCode": "",
        "macCodeApplicable": false
    },
    {
        "name": "اوردو جيراسون",
        "code": "OGU",
        "country": "TR",
        "longtitude": "0380509E",
        "latitude": "405801N",
        "shortName": "مطار اوردو جيراسون",
        "countryName": "تركيا",
        "timeZoneCode": "TR",
        "standardVariation": 180,
        "macCode": "",
        "macCodeApplicable": false
    },
    {
        "name": "أوش",
        "code": "OSS",
        "country": "KG",
        "longtitude": "0724736E",
        "latitude": "403632N",
        "shortName": "مطار أوش الدولي",
        "countryName": "قرغيزستان",
        "timeZoneCode": "KG",
        "standardVariation": 360,
        "macCode": "",
        "macCodeApplicable": false
    },
    {
        "name": "جوهانسبرغ",
        "code": "JNB",
        "country": "ZA",
        "longtitude": "0281446E",
        "latitude": "260821S",
        "shortName": "مطار أوليفر ريجنالد تامبو الدولي",
        "countryName": "جنوب أفريقيا",
        "timeZoneCode": "ZA",
        "standardVariation": 120,
        "macCode": "",
        "macCodeApplicable": false
    },
    {
        "name": "باتنا",
        "code": "PAT",
        "country": "IN",
        "longtitude": "0850517E",
        "latitude": "253529N",
        "shortName": "مطار باتنا",
        "countryName": "الهند",
        "timeZoneCode": "IN",
        "standardVariation": 330,
        "macCode": "",
        "macCodeApplicable": false
    },
    {
        "name": "بيشاور",
        "code": "PEW",
        "country": "PK",
        "longtitude": "0713052E",
        "latitude": "335938N",
        "shortName": "مطار باجا خان الدولي",
        "countryName": "باكستان",
        "timeZoneCode": "PK",
        "standardVariation": 300,
        "macCode": "",
        "macCodeApplicable": false
    },
    {
        "name": "باجدوجرا",
        "code": "IXB",
        "country": "IN",
        "longtitude": "0881943E",
        "latitude": "264052N",
        "shortName": "مطار باجدوجرا",
        "countryName": "الهند",
        "timeZoneCode": "IN",
        "standardVariation": 330,
        "macCode": "",
        "macCodeApplicable": false
    },
    {
        "name": "باماكو",
        "code": "BKO",
        "country": "ML",
        "longtitude": "0075700W",
        "latitude": "123201N",
        "shortName": "مطار باماكو موديبو كيتا الدولي",
        "countryName": "مالي",
        "timeZoneCode": "ML",
        "standardVariation": 0,
        "macCode": "",
        "macCodeApplicable": false
    },
    {
        "name": "كولومبو",
        "code": "CMB",
        "country": "LK",
        "longtitude": "0795307E",
        "latitude": "071049N",
        "shortName": "مطار باندارنيك الدولي",
        "countryName": "سريلانكا",
        "timeZoneCode": "LK",
        "standardVariation": 330,
        "macCode": "",
        "macCodeApplicable": false
    },
    {
        "name": "بانكوك",
        "code": "BKK",
        "country": "TH",
        "longtitude": "1004456E",
        "latitude": "134109N",
        "shortName": "مطار بانكوك الدولي",
        "countryName": "تايلاند",
        "timeZoneCode": "TH",
        "standardVariation": 420,
        "macCode": "",
        "macCodeApplicable": false
    },
    {
        "name": "الإسكندرية",
        "code": "HBE",
        "country": "EG",
        "longtitude": "0294147E",
        "latitude": "305504N",
        "shortName": "مطار برج العرب الدولي",
        "countryName": "مصر",
        "timeZoneCode": "EG",
        "standardVariation": 120,
        "macCode": "",
        "macCodeApplicable": false
    },
    {
        "name": "برشلونة",
        "code": "BCN",
        "country": "ES",
        "longtitude": "0020442E",
        "latitude": "411749N",
        "shortName": "مطار برشلونة الدولي",
        "countryName": "إسبانيا",
        "timeZoneCode": "ES1",
        "standardVariation": 60,
        "macCode": "",
        "macCodeApplicable": false
    },
    {
        "name": " برلين",
        "code": "BER",
        "country": "DE",
        "longtitude": "0133012E",
        "latitude": "522200N",
        "shortName": "مطار برلين براندنبرغ",
        "countryName": "ألمانيا",
        "timeZoneCode": "DE",
        "standardVariation": 60,
        "macCode": "",
        "macCodeApplicable": false
    },
    {
        "name": "بروكسل",
        "code": "BRU",
        "country": "BE",
        "longtitude": "0042904E",
        "latitude": "505405N",
        "shortName": "مطار بروكسل الدولي",
        "countryName": "بلجيكا",
        "timeZoneCode": "BE",
        "standardVariation": 60,
        "macCode": "",
        "macCodeApplicable": false
    },
    {
        "name": "بريشتينا",
        "code": "PRN",
        "country": "XK",
        "longtitude": "0210209E",
        "latitude": "423422N",
        "shortName": "مطار بريشتينا",
        "countryName": "كسوفو",
        "timeZoneCode": "RS",
        "standardVariation": 60,
        "macCode": "",
        "macCodeApplicable": false
    },
    {
        "name": "بغداد",
        "code": "BGW",
        "country": "IQ",
        "longtitude": "0441404E",
        "latitude": "331545N",
        "shortName": "مطار بغداد الدولي",
        "countryName": "العراق",
        "timeZoneCode": "IQ",
        "standardVariation": 180,
        "macCode": "",
        "macCodeApplicable": false
    },
    {
        "name": "بوبانيسوار",
        "code": "BBI",
        "country": "IN",
        "longtitude": "0854904E",
        "latitude": "201440N",
        "shortName": "مطار بوبانيسوار",
        "countryName": "الهند",
        "timeZoneCode": "IN",
        "standardVariation": 330,
        "macCode": "",
        "macCodeApplicable": false
    },
    {
        "name": "بودابست",
        "code": "BUD",
        "country": "HU",
        "longtitude": "0191520E",
        "latitude": "472613N",
        "shortName": "مطار بودابست فرانز ليست الدولي",
        "countryName": "المجر",
        "timeZoneCode": "HU",
        "standardVariation": 60,
        "macCode": "",
        "macCodeApplicable": false
    },
    {
        "name": "بودغوريتسا",
        "code": "TGD",
        "country": "ME",
        "longtitude": "0191507E",
        "latitude": "422130N",
        "shortName": "مطار بودغوريتسا الدولي",
        "countryName": "الجبل الأسود",
        "timeZoneCode": "ME",
        "standardVariation": 60,
        "macCode": "",
        "macCodeApplicable": false
    },
    {
        "name": "بيشة",
        "code": "BHH",
        "country": "SA",
        "longtitude": "0423715E",
        "latitude": "195904N",
        "shortName": "مطار بيشة",
        "countryName": "المملكة العربية السعودية",
        "timeZoneCode": "SA",
        "standardVariation": 180,
        "macCode": "",
        "macCodeApplicable": false
    },
    {
        "name": "بيون",
        "code": "PNQ",
        "country": "IN",
        "longtitude": "0735511E",
        "latitude": "183456N",
        "shortName": "مطار بيون",
        "countryName": "الهند",
        "timeZoneCode": "IN",
        "standardVariation": 330,
        "macCode": "",
        "macCodeApplicable": false
    },
    {
        "name": "تبليسي",
        "code": "TBS",
        "country": "GE",
        "longtitude": "0445700E",
        "latitude": "414000N",
        "shortName": "مطار تبليسي شوتا روستافيلي الدولي",
        "countryName": "جورجيا",
        "timeZoneCode": "GE",
        "standardVariation": 240,
        "macCode": "",
        "macCodeApplicable": false
    },
    {
        "name": "ترافندرم",
        "code": "TRV",
        "country": "IN",
        "longtitude": "0765512E",
        "latitude": "082856N",
        "shortName": "مطار ترافندرم",
        "countryName": "الهند",
        "timeZoneCode": "IN",
        "standardVariation": 330,
        "macCode": "",
        "macCodeApplicable": false
    },
    {
        "name": "كاتماندو",
        "code": "KTM",
        "country": "NP",
        "longtitude": "0852133E",
        "latitude": "274148N",
        "shortName": "مطار تريبوفان الدولي",
        "countryName": "نيبال",
        "timeZoneCode": "NP",
        "standardVariation": 345,
        "macCode": "",
        "macCodeApplicable": false
    },
    {
        "name": "مومباي",
        "code": "BOM",
        "country": "IN",
        "longtitude": "0725205E",
        "latitude": "190519N",
        "shortName": "مطار تشاتراباتي شيفاجي الدولي",
        "countryName": "الهند",
        "timeZoneCode": "IN",
        "standardVariation": 330,
        "macCode": "",
        "macCodeApplicable": false
    },
    {
        "name": "تشانديجارف",
        "code": "IXC",
        "country": "IN",
        "longtitude": "0764719E",
        "latitude": "304024N",
        "shortName": "مطار تشانديجارف",
        "countryName": "الهند",
        "timeZoneCode": "IN",
        "standardVariation": 330,
        "macCode": "",
        "macCodeApplicable": false
    },
    {
        "name": "لكناو",
        "code": "LKO",
        "country": "IN",
        "longtitude": "0805249E",
        "latitude": "264537N",
        "shortName": "مطار تشودري تشاران سينغ الدولي",
        "countryName": "الهند",
        "timeZoneCode": "IN",
        "standardVariation": 330,
        "macCode": "",
        "macCodeApplicable": false
    },
    {
        "name": "تشيناي",
        "code": "MAA",
        "country": "IN",
        "longtitude": "0801037E",
        "latitude": "125936N",
        "shortName": "مطار تشيناي",
        "countryName": "الهند",
        "timeZoneCode": "IN",
        "standardVariation": 330,
        "macCode": "",
        "macCodeApplicable": false
    },
    {
        "name": "تونس",
        "code": "TUN",
        "country": "TN",
        "longtitude": "0101338E",
        "latitude": "365104N",
        "shortName": "مطار تونس",
        "countryName": "تونس",
        "timeZoneCode": "TN",
        "standardVariation": 60,
        "macCode": "",
        "macCodeApplicable": false
    },
    {
        "name": "تيرانا",
        "code": "TIA",
        "country": "AL",
        "longtitude": "0194315E",
        "latitude": "412454N",
        "shortName": "مطار تيرانا الدولي",
        "countryName": "ألبانيا",
        "timeZoneCode": "AL",
        "standardVariation": 60,
        "macCode": "",
        "macCodeApplicable": false
    },
    {
        "name": "تيفات",
        "code": "TIV",
        "country": "ME",
        "longtitude": "0184324E",
        "latitude": "422417N",
        "shortName": "مطار تيفات",
        "countryName": "الجبل الأسود",
        "timeZoneCode": "ME",
        "standardVariation": 60,
        "macCode": "",
        "macCodeApplicable": false
    },
    {
        "name": "جامو",
        "code": "IXJ",
        "country": "IN",
        "longtitude": "0745015E",
        "latitude": "324121N",
        "shortName": "مطار جامو",
        "countryName": "الهند",
        "timeZoneCode": "IN",
        "standardVariation": 330,
        "macCode": "",
        "macCodeApplicable": false
    },
    {
        "name": "جرجانية",
        "code": "UGC",
        "country": "UZ",
        "longtitude": "0603200E",
        "latitude": "413900N",
        "shortName": "مطار جرجانية",
        "countryName": "أوزبكستان",
        "timeZoneCode": "UZ",
        "standardVariation": 300,
        "macCode": "",
        "macCodeApplicable": false
    },
    {
        "name": "كراتشي",
        "code": "KHI",
        "country": "PK",
        "longtitude": "0670939E",
        "latitude": "245424N",
        "shortName": "مطار جناح الدولي",
        "countryName": "باكستان",
        "timeZoneCode": "PK",
        "standardVariation": 300,
        "macCode": "",
        "macCodeApplicable": false
    },
    {
        "name": "جنيف",
        "code": "GVA",
        "country": "CH",
        "longtitude": "0060632E",
        "latitude": "461417N",
        "shortName": "مطار جنيف",
        "countryName": "سويسرا",
        "timeZoneCode": "CH",
        "standardVariation": -360,
        "macCode": "",
        "macCodeApplicable": false
    },
    {
        "name": "جودبور",
        "code": "JDH",
        "country": "IN",
        "longtitude": "0730256E",
        "latitude": "261504N",
        "shortName": "مطار جودبور",
        "countryName": "الهند",
        "timeZoneCode": "IN",
        "standardVariation": 330,
        "macCode": "",
        "macCodeApplicable": false
    },
    {
        "name": "دار السلام",
        "code": "DAR",
        "country": "TZ",
        "longtitude": "0391207E",
        "latitude": "065231S",
        "shortName": "مطار جوليوس نيريري الدولي",
        "countryName": "تانزانيا",
        "timeZoneCode": "TZ",
        "standardVariation": 180,
        "macCode": "",
        "macCodeApplicable": false
    },
    {
        "name": "جومو كينياتا",
        "code": "NBO",
        "country": "KE",
        "longtitude": "0365551E",
        "latitude": "011900S",
        "shortName": "مطار جومو كينياتا الدولي",
        "countryName": "كينيا",
        "timeZoneCode": "KE",
        "standardVariation": 180,
        "macCode": "",
        "macCodeApplicable": false
    },
    {
        "name": "حائل",
        "code": "HAS",
        "country": "SA",
        "longtitude": "0414111E",
        "latitude": "272617N",
        "shortName": "مطار حائل",
        "countryName": "المملكة العربية السعودية",
        "timeZoneCode": "SA",
        "standardVariation": 180,
        "macCode": "",
        "macCodeApplicable": false
    },
    {
        "name": "الدوحة",
        "code": "DOH",
        "country": "QA",
        "longtitude": "0513359E",
        "latitude": "251525N",
        "shortName": "مطار حمد الدولي",
        "countryName": "قطر",
        "timeZoneCode": "QA",
        "standardVariation": 180,
        "macCode": "",
        "macCodeApplicable": false
    },
    {
        "name": "باكو",
        "code": "GYD",
        "country": "AZ",
        "longtitude": "0500248E",
        "latitude": "402803N",
        "shortName": "مطار حيدر علييف الدولي",
        "countryName": "أذربيجان",
        "timeZoneCode": "AZ",
        "standardVariation": 240,
        "macCode": "",
        "macCodeApplicable": false
    },
    {
        "name": "يونج",
        "code": "NAG",
        "country": "IN",
        "longtitude": "0790259E",
        "latitude": "210528N",
        "shortName": "مطار د. باباساحب أمبدكار الدولي",
        "countryName": "الهند",
        "timeZoneCode": "IN",
        "standardVariation": 330,
        "macCode": "",
        "macCodeApplicable": false
    },
    {
        "name": "غوا",
        "code": "GOI",
        "country": "IN",
        "longtitude": "0735000E",
        "latitude": "152300N",
        "shortName": "مطار دابوليم",
        "countryName": "الهند",
        "timeZoneCode": "IN",
        "standardVariation": 330,
        "macCode": "",
        "macCodeApplicable": false
    },
    {
        "name": "دبي",
        "code": "DXB",
        "country": "AE",
        "longtitude": "0552152E",
        "latitude": "251510N",
        "shortName": "مطار دبي الدولي",
        "countryName": "الإمارات العربية المتحدة",
        "timeZoneCode": "AE",
        "standardVariation": 240,
        "macCode": "AE1",
        "macCodeApplicable": true
    },
    {
        "name": "ألمانيا",
        "code": "DUS",
        "country": "DE",
        "longtitude": "0064600E",
        "latitude": "511722N",
        "shortName": "مطار دوسلدورف الدولي",
        "countryName": "ألمانيا",
        "timeZoneCode": "DE",
        "standardVariation": 60,
        "macCode": "",
        "macCodeApplicable": false
    },
    {
        "name": "موسكو",
        "code": "DME",
        "country": "RU",
        "longtitude": "0375423E",
        "latitude": "552432N",
        "shortName": "مطار دوموديدوفو",
        "countryName": "روسيا",
        "timeZoneCode": "RU2",
        "standardVariation": 180,
        "macCode": "",
        "macCodeApplicable": false
    },
    {
        "name": "إندور",
        "code": "IDR",
        "country": "IN",
        "longtitude": "0754804E",
        "latitude": "224318N",
        "shortName": "مطار ديفي اهلليا باي هولكار",
        "countryName": "الهند",
        "timeZoneCode": "IN",
        "standardVariation": 330,
        "macCode": "",
        "macCodeApplicable": false
    },
    {
        "name": "بوبال",
        "code": "BHO",
        "country": "IN",
        "longtitude": "0772015E",
        "latitude": "231715N",
        "shortName": "مطار راجا بوج",
        "countryName": "الهند",
        "timeZoneCode": "IN",
        "standardVariation": 330,
        "macCode": "",
        "macCodeApplicable": false
    },
    {
        "name": "رأس الخيمة",
        "code": "RKT",
        "country": "AE",
        "longtitude": "0560000E",
        "latitude": "254500N",
        "shortName": "مطار رأس الخيمة",
        "countryName": "الإمارات العربية المتحدة",
        "timeZoneCode": "AE",
        "standardVariation": 240,
        "macCode": "",
        "macCodeApplicable": false
    },
    {
        "name": "رانشي",
        "code": "IXR",
        "country": "IN",
        "longtitude": "0851918E",
        "latitude": "231851N",
        "shortName": "مطار رانشي",
        "countryName": "الهند",
        "timeZoneCode": "IN",
        "standardVariation": 330,
        "macCode": "",
        "macCodeApplicable": false
    },
    {
        "name": "رايبور",
        "code": "RPR",
        "country": "IN",
        "longtitude": "0820030E",
        "latitude": "211000N",
        "shortName": "مطار رايبور",
        "countryName": "الهند",
        "timeZoneCode": "IN",
        "standardVariation": 330,
        "macCode": "",
        "macCodeApplicable": false
    },
    {
        "name": "بيروت",
        "code": "BEY",
        "country": "LB",
        "longtitude": "0352925E",
        "latitude": "334846N",
        "shortName": "مطار رفيق الحريري الدولي بيروت",
        "countryName": "لبنان",
        "timeZoneCode": "LB",
        "standardVariation": 120,
        "macCode": "",
        "macCodeApplicable": false
    },
    {
        "name": "يريفان",
        "code": "EVN",
        "country": "AM",
        "longtitude": "0442345E",
        "latitude": "400850N",
        "shortName": "مطار زفارتنوتس الدولي",
        "countryName": "أرمينيا",
        "timeZoneCode": "AM",
        "standardVariation": 240,
        "macCode": "",
        "macCodeApplicable": false
    },
    {
        "name": "زيوريخ",
        "code": "ZRH",
        "country": "CH",
        "longtitude": "0083306E",
        "latitude": "472730N",
        "shortName": "مطار زيورخ",
        "countryName": "سويسرا",
        "timeZoneCode": "CH",
        "standardVariation": -360,
        "macCode": "",
        "macCodeApplicable": false
    },
    {
        "name": "سالزبورغ",
        "code": "SZG",
        "country": "AT",
        "longtitude": "0130016E",
        "latitude": "474736N",
        "shortName": "مطار سالزبورغ",
        "countryName": "النمسا",
        "timeZoneCode": "AT",
        "standardVariation": 60,
        "macCode": "",
        "macCodeApplicable": false
    },
    {
        "name": "سانتوريني",
        "code": "JTR",
        "country": "GR",
        "longtitude": "0252846E",
        "latitude": "362357N",
        "shortName": "مطار سانتوريني",
        "countryName": "اليونان",
        "timeZoneCode": "GR",
        "standardVariation": 120,
        "macCode": "",
        "macCodeApplicable": false
    },
    {
        "name": "سراييفو",
        "code": "SJJ",
        "country": "BA",
        "longtitude": "0181953E",
        "latitude": "434929N",
        "shortName": "مطار سراييفو الدولي",
        "countryName": "البوسنة والهرسك",
        "timeZoneCode": "BA",
        "standardVariation": 60,
        "macCode": "",
        "macCodeApplicable": false
    },
    {
        "name": "امريتسار",
        "code": "ATQ",
        "country": "IN",
        "longtitude": "0744750E",
        "latitude": "314225N",
        "shortName": "مطار سري جورو رام داس جي الدولي",
        "countryName": "الهند",
        "timeZoneCode": "IN",
        "standardVariation": 330,
        "macCode": "",
        "macCodeApplicable": false
    },
    {
        "name": "سريناغار",
        "code": "SXR",
        "country": "IN",
        "longtitude": "0744631E",
        "latitude": "335917N",
        "shortName": "مطار سريناغار",
        "countryName": "الهند",
        "timeZoneCode": "IN",
        "standardVariation": 330,
        "macCode": "",
        "macCodeApplicable": false
    },
    {
        "name": "سفنكس",
        "code": "SPX",
        "country": "EG",
        "longtitude": "0305349E",
        "latitude": "300617N",
        "shortName": "مطار سفنكس الدولى",
        "countryName": "مصر",
        "timeZoneCode": "EG",
        "standardVariation": 120,
        "macCode": "EG1",
        "macCodeApplicable": true
    },
    {
        "name": "سنغافورة",
        "code": "SIN",
        "country": "SG",
        "longtitude": "1035438E",
        "latitude": "012129N",
        "shortName": "مطار سنغافورة",
        "countryName": "سنغافورة",
        "timeZoneCode": "SG",
        "standardVariation": 480,
        "macCode": "",
        "macCodeApplicable": false
    },
    {
        "name": "كالكوتا",
        "code": "CCU",
        "country": "IN",
        "longtitude": "0882648E",
        "latitude": "223917N",
        "shortName": "مطار سوبهاس تشاندرا بوس الدولي",
        "countryName": "الهند",
        "timeZoneCode": "IN",
        "standardVariation": 330,
        "macCode": "",
        "macCodeApplicable": false
    },
    {
        "name": "سورابايا",
        "code": "SUB",
        "country": "ID",
        "longtitude": "1124315E",
        "latitude": "071305S",
        "shortName": "مطار سورابايا",
        "countryName": "إندونيسيا",
        "timeZoneCode": "ID1",
        "standardVariation": 420,
        "macCode": "",
        "macCodeApplicable": false
    },
    {
        "name": "جاكرتا",
        "code": "CGK",
        "country": "ID",
        "longtitude": "1063921E",
        "latitude": "060732S",
        "shortName": "مطار سوكارنو هاتا - جاكرتا الدولي",
        "countryName": "إندونيسيا",
        "timeZoneCode": "ID1",
        "standardVariation": 420,
        "macCode": "",
        "macCodeApplicable": false
    },
    {
        "name": "سوهاج",
        "code": "HMB",
        "country": "EG",
        "longtitude": "0314434E",
        "latitude": "262034N",
        "shortName": "مطار سوهاج الدولى",
        "countryName": "مصر",
        "timeZoneCode": "EG",
        "standardVariation": 120,
        "macCode": "",
        "macCodeApplicable": false
    },
    {
        "name": " سيالكوت ",
        "code": "SKT",
        "country": "PK",
        "longtitude": "0742150E",
        "latitude": "323207N",
        "shortName": "مطار سيالكوت الدولي",
        "countryName": "باكستان",
        "timeZoneCode": "PK",
        "standardVariation": 300,
        "macCode": "",
        "macCodeApplicable": false
    },
    {
        "name": "سيشيل",
        "code": "SEZ",
        "country": "SC",
        "longtitude": "0553119E",
        "latitude": "044028S",
        "shortName": "مطار سيشيل",
        "countryName": "سيشل",
        "timeZoneCode": "SC",
        "standardVariation": 240,
        "macCode": "",
        "macCodeApplicable": false
    },
    {
        "name": "باريس",
        "code": "CDG",
        "country": "FR",
        "longtitude": "0023252E",
        "latitude": "490035N",
        "shortName": "مطار شارل ديغول الدولي",
        "countryName": "فرنسا",
        "timeZoneCode": "FR",
        "standardVariation": 60,
        "macCode": "",
        "macCodeApplicable": false
    },
    {
        "name": "دكا",
        "code": "DAC",
        "country": "BD",
        "longtitude": "0902310E",
        "latitude": "234650N",
        "shortName": "مطار شاه جلال الدولي",
        "countryName": "بنغلاديش",
        "timeZoneCode": "BD",
        "standardVariation": 360,
        "macCode": "",
        "macCodeApplicable": false
    },
    {
        "name": "شرم الشيخ",
        "code": "SSH",
        "country": "EG",
        "longtitude": "0341600E",
        "latitude": "275100N",
        "shortName": "مطار شرم الشيخ الدولى",
        "countryName": "مصر",
        "timeZoneCode": "EG",
        "standardVariation": 120,
        "macCode": "",
        "macCodeApplicable": false
    },
    {
        "name": "شرورة",
        "code": "SHW",
        "country": "SA",
        "longtitude": "0470600E",
        "latitude": "172500N",
        "shortName": "مطار شرورة",
        "countryName": "المملكة العربية السعودية",
        "timeZoneCode": "SA",
        "standardVariation": 180,
        "macCode": "",
        "macCodeApplicable": false
    },
    {
        "name": "شيريميتييفو",
        "code": "SVO",
        "country": "RU",
        "longtitude": "0372453E",
        "latitude": "555822N",
        "shortName": "مطار شيريميتييفو الدولي",
        "countryName": "روسيا",
        "timeZoneCode": "RU2",
        "standardVariation": 180,
        "macCode": "",
        "macCodeApplicable": false
    },
    {
        "name": "أمستردام",
        "code": "AMS",
        "country": "NL",
        "longtitude": "0044551E",
        "latitude": "521829N",
        "shortName": "مطار شيفول",
        "countryName": "هولندا",
        "timeZoneCode": "NL",
        "standardVariation": 60,
        "macCode": "",
        "macCodeApplicable": false
    },
    {
        "name": "اسطنبول صبيحة",
        "code": "SAW",
        "country": "TR",
        "longtitude": "0291833E",
        "latitude": "405355N",
        "shortName": "مطار صبيحة كوكجن الدولي",
        "countryName": "تركيا",
        "timeZoneCode": "TR",
        "standardVariation": 180,
        "macCode": "TR1",
        "macCodeApplicable": true
    },
    {
        "name": "صلالة",
        "code": "SLL",
        "country": "OM",
        "longtitude": "0540529E",
        "latitude": "170219N",
        "shortName": "مطار صلالة الدولي",
        "countryName": "سلطنة عمان",
        "timeZoneCode": "OM",
        "standardVariation": 240,
        "macCode": "",
        "macCodeApplicable": false
    },
    {
        "name": "طرابزون",
        "code": "TZX",
        "country": "TR",
        "longtitude": "0394635E",
        "latitude": "405955N",
        "shortName": "مطار طرابزون",
        "countryName": "تركيا",
        "timeZoneCode": "TR",
        "standardVariation": 180,
        "macCode": "",
        "macCodeApplicable": false
    },
    {
        "name": "ازمير",
        "code": "ADB",
        "country": "TR",
        "longtitude": "0270925E",
        "latitude": "381733N",
        "shortName": "مطار عدنان مندريس",
        "countryName": "تركيا",
        "timeZoneCode": "TR",
        "standardVariation": 180,
        "macCode": "",
        "macCodeApplicable": false
    },
    {
        "name": "عرعر",
        "code": "RAE",
        "country": "SA",
        "longtitude": "0410800E",
        "latitude": "305400N",
        "shortName": "مطار عرعر المحلي",
        "countryName": "المملكة العربية السعودية",
        "timeZoneCode": "SA",
        "standardVariation": 180,
        "macCode": "",
        "macCodeApplicable": false
    },
    {
        "name": "لاهور",
        "code": "LHE",
        "country": "PK",
        "longtitude": "0742413E",
        "latitude": "313118N",
        "shortName": "مطار علامه إقبال الدولي",
        "countryName": "باكستان",
        "timeZoneCode": "PK",
        "standardVariation": 300,
        "macCode": "",
        "macCodeApplicable": false
    },
    {
        "name": "عنتيبي",
        "code": "EBB",
        "country": "UG",
        "longtitude": "0322637E",
        "latitude": "000233N",
        "shortName": "مطار عنتيبي الدولي",
        "countryName": "أوغندا",
        "timeZoneCode": "UG",
        "standardVariation": 180,
        "macCode": "",
        "macCodeApplicable": false
    },
    {
        "name": " غاروي",
        "code": "GGR",
        "country": "SO",
        "longtitude": "0483403E",
        "latitude": "082729N",
        "shortName": "مطار غاروي",
        "countryName": "الصومال",
        "timeZoneCode": "SO",
        "standardVariation": 180,
        "macCode": "",
        "macCodeApplicable": false
    },
    {
        "name": "غازي عنتاب",
        "code": "GZT",
        "country": "TR",
        "longtitude": "0372843E",
        "latitude": "365650N",
        "shortName": "مطار غازي عنتاب",
        "countryName": "تركيا",
        "timeZoneCode": "TR",
        "standardVariation": 180,
        "macCode": "",
        "macCodeApplicable": false
    },
    {
        "name": "غايا",
        "code": "GAY",
        "country": "IN",
        "longtitude": "0845704E",
        "latitude": "244440N",
        "shortName": "مطار غايا",
        "countryName": "الهند",
        "timeZoneCode": "IN",
        "standardVariation": 330,
        "macCode": "",
        "macCodeApplicable": false
    },
    {
        "name": "ساو باولو",
        "code": "GRU",
        "country": "BR",
        "longtitude": "0462810W",
        "latitude": "232555S",
        "shortName": "مطار غوارلوس الدولي",
        "countryName": "البرازيل",
        "timeZoneCode": "BR1",
        "standardVariation": -180,
        "macCode": "",
        "macCodeApplicable": false
    },
    {
        "name": "براغ",
        "code": "PRG",
        "country": "CZ",
        "longtitude": "0141536E",
        "latitude": "500603N",
        "shortName": "مطار فاكلاف هافيل الدولي",
        "countryName": "التشيك",
        "timeZoneCode": "CZ",
        "standardVariation": 60,
        "macCode": "",
        "macCodeApplicable": false
    },
    {
        "name": "فان نويز",
        "code": "VAN",
        "country": "TR",
        "longtitude": "0431956E",
        "latitude": "382731N",
        "shortName": "مطار فان نويز",
        "countryName": "تركيا",
        "timeZoneCode": "TR",
        "standardVariation": 180,
        "macCode": "",
        "macCodeApplicable": false
    },
    {
        "name": "فرانكفورت",
        "code": "FRA",
        "country": "DE",
        "longtitude": "0083414E",
        "latitude": "500159N",
        "shortName": "مطار فرانكفورت",
        "countryName": "ألمانيا",
        "timeZoneCode": "DE",
        "standardVariation": 60,
        "macCode": "",
        "macCodeApplicable": false
    },
    {
        "name": "فيرجانا",
        "code": "FEG",
        "country": "UZ",
        "longtitude": "0714441E",
        "latitude": "402141N",
        "shortName": "مطار فيرجانا",
        "countryName": "أوزبكستان",
        "timeZoneCode": "UZ",
        "standardVariation": 300,
        "macCode": "",
        "macCodeApplicable": false
    },
    {
        "name": " فيصل آباد ",
        "code": "LYP",
        "country": "PK",
        "longtitude": "0725941E",
        "latitude": "312154N",
        "shortName": "مطار فيصل آباد الدولي",
        "countryName": "باكستان",
        "timeZoneCode": "PK",
        "standardVariation": 300,
        "macCode": "",
        "macCodeApplicable": false
    },
    {
        "name": "ماليه",
        "code": "MLE",
        "country": "MV",
        "longtitude": "0733145E",
        "latitude": "041130N",
        "shortName": "مطار فيلانا الدولي",
        "countryName": "جزر المالديف",
        "timeZoneCode": "MV",
        "standardVariation": 300,
        "macCode": "",
        "macCodeApplicable": false
    },
    {
        "name": "فينسيا",
        "code": "VNS",
        "country": "IN",
        "longtitude": "0825147E",
        "latitude": "252707N",
        "shortName": "مطار فينسيا",
        "countryName": "الهند",
        "timeZoneCode": "IN",
        "standardVariation": 330,
        "macCode": "",
        "macCodeApplicable": false
    },
    {
        "name": "فيينا",
        "code": "VIE",
        "country": "AT",
        "longtitude": "0163441E",
        "latitude": "480637N",
        "shortName": "مطار فيينا الدولي",
        "countryName": "النمسا",
        "timeZoneCode": "AT",
        "standardVariation": 60,
        "macCode": "",
        "macCodeApplicable": false
    },
    {
        "name": "كابل",
        "code": "KBL",
        "country": "AF",
        "longtitude": "0691245E",
        "latitude": "343357N",
        "shortName": "مطار كابل الدولي",
        "countryName": "أفغانستان",
        "timeZoneCode": "AF",
        "standardVariation": 270,
        "macCode": "",
        "macCodeApplicable": false
    },
    {
        "name": "دنيزلي",
        "code": "DNZ",
        "country": "TR",
        "longtitude": "0294205E",
        "latitude": "374708N",
        "shortName": "مطار كارداك الدولي",
        "countryName": "تركيا",
        "timeZoneCode": "TR",
        "standardVariation": 180,
        "macCode": "",
        "macCodeApplicable": false
    },
    {
        "name": "كاستامونو",
        "code": "KFS",
        "country": "TR",
        "longtitude": "0334746E",
        "latitude": "411854N",
        "shortName": "مطار كاستامونو",
        "countryName": "تركيا",
        "timeZoneCode": "TR",
        "standardVariation": 180,
        "macCode": "",
        "macCodeApplicable": false
    },
    {
        "name": "كوزهيكود",
        "code": "CCJ",
        "country": "IN",
        "longtitude": "0755719E",
        "latitude": "110813N",
        "shortName": "مطار كاليكوت الدولي",
        "countryName": "الهند",
        "timeZoneCode": "IN",
        "standardVariation": 330,
        "macCode": "",
        "macCodeApplicable": false
    },
    {
        "name": "كانو",
        "code": "KAN",
        "country": "NG",
        "longtitude": "0083129E",
        "latitude": "120251N",
        "shortName": "مطار كانو",
        "countryName": "نيجيريا",
        "timeZoneCode": "NG",
        "standardVariation": 60,
        "macCode": "",
        "macCodeApplicable": false
    },
    {
        "name": "بنغالور",
        "code": "BLR",
        "country": "IN",
        "longtitude": "0774005E",
        "latitude": "125659N",
        "shortName": "مطار كمبجوادا الدولي",
        "countryName": "الهند",
        "timeZoneCode": "IN",
        "standardVariation": 330,
        "macCode": "",
        "macCodeApplicable": false
    },
    {
        "name": "كوالالامبور",
        "code": "KUL",
        "country": "MY",
        "longtitude": "1014253E",
        "latitude": "024444N",
        "shortName": "مطار كوالا لمبور",
        "countryName": "ماليزيا",
        "timeZoneCode": "MY",
        "standardVariation": 480,
        "macCode": "",
        "macCodeApplicable": false
    },
    {
        "name": "كوبنهاغن",
        "code": "CPH",
        "country": "DK",
        "longtitude": "0123901E",
        "latitude": "553713N",
        "shortName": "مطار كوبنهاغن",
        "countryName": "الدنمارك",
        "timeZoneCode": "DK",
        "standardVariation": 60,
        "macCode": "",
        "macCodeApplicable": false
    },
    {
        "name": "كوتشن",
        "code": "COK",
        "country": "IN",
        "longtitude": "0762407E",
        "latitude": "100907N",
        "shortName": "مطار كوتشن الدولي",
        "countryName": "الهند",
        "timeZoneCode": "IN",
        "standardVariation": 330,
        "macCode": "",
        "macCodeApplicable": false
    },
    {
        "name": "كولونيا ",
        "code": "CGN",
        "country": "DE",
        "longtitude": "0070834E",
        "latitude": "505157N",
        "shortName": "مطار كولونيا بون الدولي",
        "countryName": "ألمانيا",
        "timeZoneCode": "DE",
        "standardVariation": 60,
        "macCode": "",
        "macCodeApplicable": false
    },
    {
        "name": "كويتا",
        "code": "UET",
        "country": "PK",
        "longtitude": "0665610E",
        "latitude": "301513N",
        "shortName": "مطار كويتة الدولي",
        "countryName": "باكستان",
        "timeZoneCode": "PK",
        "standardVariation": 300,
        "macCode": "",
        "macCodeApplicable": false
    },
    {
        "name": "كيب تاون",
        "code": "CPT",
        "country": "ZA",
        "longtitude": "0183606E",
        "latitude": "335753S",
        "shortName": "مطار كيب تاون الدولي",
        "countryName": "جنوب أفريقيا",
        "timeZoneCode": "ZA",
        "standardVariation": 120,
        "macCode": "",
        "macCodeApplicable": false
    },
    {
        "name": "لارنكا",
        "code": "LCA",
        "country": "CY",
        "longtitude": "0333729E",
        "latitude": "345230N",
        "shortName": "مطار لارنكا",
        "countryName": "قبرص",
        "timeZoneCode": "CY",
        "standardVariation": 120,
        "macCode": "",
        "macCodeApplicable": false
    },
    {
        "name": " لندن",
        "code": "STN",
        "country": "GB",
        "longtitude": "0001406E",
        "latitude": "515306N",
        "shortName": "مطار لندن ستانستد",
        "countryName": "المملكة المتحدة",
        "timeZoneCode": "GB",
        "standardVariation": 0,
        "macCode": "",
        "macCodeApplicable": false
    },
    {
        "name": "لندن",
        "code": "LHR",
        "country": "GB",
        "longtitude": "0002741W",
        "latitude": "512839N",
        "shortName": "مطار لندن هيثرو",
        "countryName": "المملكة المتحدة",
        "timeZoneCode": "GB",
        "standardVariation": 0,
        "macCode": "",
        "macCodeApplicable": false
    },
    {
        "name": "ليون",
        "code": "LYS",
        "country": "FR",
        "longtitude": "0050454E",
        "latitude": "454332N",
        "shortName": "مطار ليون سانت إكسوبيري",
        "countryName": "فرنسا",
        "timeZoneCode": "FR",
        "standardVariation": 60,
        "macCode": "",
        "macCodeApplicable": false
    },
    {
        "name": "روما",
        "code": "FCO",
        "country": "IT",
        "longtitude": "0121420E",
        "latitude": "414801N",
        "shortName": "مطار ليوناردو دا فينشي",
        "countryName": "إيطاليا",
        "timeZoneCode": "IT",
        "standardVariation": 60,
        "macCode": "",
        "macCodeApplicable": false
    },
    {
        "name": "ميلان",
        "code": "MXP",
        "country": "IT",
        "longtitude": "0084300E",
        "latitude": "453800N",
        "shortName": "مطار مالبينسا",
        "countryName": "إيطاليا",
        "timeZoneCode": "IT",
        "standardVariation": 60,
        "macCode": "",
        "macCodeApplicable": false
    },
    {
        "name": "بيشكيك",
        "code": "FRU",
        "country": "KG",
        "longtitude": "0742839E",
        "latitude": "430341N",
        "shortName": "مطار ماناس الدولي",
        "countryName": "قرغيزستان",
        "timeZoneCode": "KG",
        "standardVariation": 360,
        "macCode": "",
        "macCodeApplicable": false
    },
    {
        "name": "مانشستر",
        "code": "MAN",
        "country": "GB",
        "longtitude": "0021630W",
        "latitude": "532113N",
        "shortName": "مطار مانشستر",
        "countryName": "المملكة المتحدة",
        "timeZoneCode": "GB",
        "standardVariation": 0,
        "macCode": "",
        "macCodeApplicable": false
    },
    {
        "name": "مانغالور",
        "code": "IXE",
        "country": "IN",
        "longtitude": "0745324E",
        "latitude": "125741N",
        "shortName": "مطار مانغالور",
        "countryName": "الهند",
        "timeZoneCode": "IN",
        "standardVariation": 330,
        "macCode": "",
        "macCodeApplicable": false
    },
    {
        "name": "مانيلا",
        "code": "MNL",
        "country": "PH",
        "longtitude": "1210106E",
        "latitude": "143036N",
        "shortName": "مطار مانيلا",
        "countryName": "الفلبين",
        "timeZoneCode": "PH",
        "standardVariation": 480,
        "macCode": "",
        "macCodeApplicable": false
    },
    {
        "name": "مارسيليا",
        "code": "MRS",
        "country": "FR",
        "longtitude": "0051259E",
        "latitude": "432608N",
        "shortName": "مطار محافظة مارسيليا",
        "countryName": "فرنسا",
        "timeZoneCode": "FR",
        "standardVariation": 60,
        "macCode": "",
        "macCodeApplicable": false
    },
    {
        "name": "الدار البيضاء",
        "code": "CMN",
        "country": "MA",
        "longtitude": "0073524W",
        "latitude": "332203N",
        "shortName": "مطار محمد الخامس الدولي",
        "countryName": "المغرب",
        "timeZoneCode": "MA",
        "standardVariation": 0,
        "macCode": "",
        "macCodeApplicable": false
    },
    {
        "name": "قسنطينة",
        "code": "CZL",
        "country": "DZ",
        "longtitude": "0063713E",
        "latitude": "361634N",
        "shortName": "مطار محمد بوضياف",
        "countryName": "الجزائر",
        "timeZoneCode": "DZ",
        "standardVariation": 60,
        "macCode": "",
        "macCodeApplicable": false
    },
    {
        "name": "مدريد",
        "code": "MAD",
        "country": "ES",
        "longtitude": "0033400W",
        "latitude": "402937N",
        "shortName": "مطار مدريد",
        "countryName": "إسبانيا",
        "timeZoneCode": "ES1",
        "standardVariation": 60,
        "macCode": "",
        "macCodeApplicable": false
    },
    {
        "name": "مسقط",
        "code": "MCT",
        "country": "OM",
        "longtitude": "0581654E",
        "latitude": "233534N",
        "shortName": "مطار مسقط",
        "countryName": "سلطنة عمان",
        "timeZoneCode": "OM",
        "standardVariation": 240,
        "macCode": "",
        "macCodeApplicable": false
    },
    {
        "name": "ملتان",
        "code": "MUX",
        "country": "PK",
        "longtitude": "0712509E",
        "latitude": "301212N",
        "shortName": "مطار ملتان الدولي",
        "countryName": "باكستان",
        "timeZoneCode": "PK",
        "standardVariation": 300,
        "macCode": "",
        "macCodeApplicable": false
    },
    {
        "name": "لاغوس",
        "code": "LOS",
        "country": "NG",
        "longtitude": "0031935E",
        "latitude": "063520N",
        "shortName": "مطار مورتالا محمد الدولي",
        "countryName": "نيجيريا",
        "timeZoneCode": "NG",
        "standardVariation": 60,
        "macCode": "",
        "macCodeApplicable": false
    },
    {
        "name": "موي",
        "code": "MBA",
        "country": "KE",
        "longtitude": "0393559E",
        "latitude": "040141S",
        "shortName": "مطار موي الدولي",
        "countryName": "كينيا",
        "timeZoneCode": "KE",
        "standardVariation": 180,
        "macCode": "",
        "macCodeApplicable": false
    },
    {
        "name": "ميكونوس",
        "code": "JMK",
        "country": "GR",
        "longtitude": "0252053E",
        "latitude": "372606N",
        "shortName": "مطار ميكونوس",
        "countryName": "اليونان",
        "timeZoneCode": "GR",
        "standardVariation": 120,
        "macCode": "",
        "macCodeApplicable": false
    },
    {
        "name": "بودروم",
        "code": "BJV",
        "country": "TR",
        "longtitude": "0273952E",
        "latitude": "371502N",
        "shortName": "مطار ميلاس بودروم",
        "countryName": "تركيا",
        "timeZoneCode": "TR",
        "standardVariation": 180,
        "macCode": "",
        "macCodeApplicable": false
    },
    {
        "name": "نمنغان",
        "code": "NMA",
        "country": "UZ",
        "longtitude": "0713325E",
        "latitude": "405906N",
        "shortName": "مطار نامانجان الدولي",
        "countryName": "أوزبكستان",
        "timeZoneCode": "UZ",
        "standardVariation": 300,
        "macCode": "",
        "macCodeApplicable": false
    },
    {
        "name": "ابوجا",
        "code": "ABV",
        "country": "NG",
        "longtitude": "0071547E",
        "latitude": "090024N",
        "shortName": "مطار نامدي أزيكيوي",
        "countryName": "نيجيريا",
        "timeZoneCode": "NG",
        "standardVariation": 60,
        "macCode": "",
        "macCodeApplicable": false
    },
    {
        "name": "نجران",
        "code": "EAM",
        "country": "SA",
        "longtitude": "0442547E",
        "latitude": "173642N",
        "shortName": "مطار نجران",
        "countryName": "المملكة العربية السعودية",
        "timeZoneCode": "SA",
        "standardVariation": 180,
        "macCode": "",
        "macCodeApplicable": false
    },
    {
        "name": "نورث جامينا",
        "code": "NDJ",
        "country": "TD",
        "longtitude": "0150202E",
        "latitude": "120801N",
        "shortName": "مطار نورث جامينا",
        "countryName": "تشاد",
        "timeZoneCode": "TD",
        "standardVariation": 60,
        "macCode": "",
        "macCodeApplicable": false
    },
    {
        "name": "كابادوكيا",
        "code": "NAV",
        "country": "TR",
        "longtitude": "0343204E",
        "latitude": "384619N",
        "shortName": "مطار نوشهير كابادوكيا",
        "countryName": "تركيا",
        "timeZoneCode": "TR",
        "standardVariation": 180,
        "macCode": "",
        "macCodeApplicable": false
    },
    {
        "name": "نوكوس",
        "code": "NCU",
        "country": "UZ",
        "longtitude": "0593722E",
        "latitude": "422912N",
        "shortName": "مطار نوكوس",
        "countryName": "أوزبكستان",
        "timeZoneCode": "UZ",
        "standardVariation": 300,
        "macCode": "",
        "macCodeApplicable": false
    },
    {
        "name": "أنطاكية",
        "code": "HTY",
        "country": "TR",
        "longtitude": "0361705E",
        "latitude": "362135N",
        "shortName": "مطار هاتاي الدولي",
        "countryName": "تركيا",
        "timeZoneCode": "TR",
        "standardVariation": 180,
        "macCode": "",
        "macCodeApplicable": false
    },
    {
        "name": "هانوفر لانغنهاغن",
        "code": "HAJ",
        "country": "DE",
        "longtitude": "0094122E",
        "latitude": "522738N",
        "shortName": "مطار هانوفر لانغنهاغن",
        "countryName": "ألمانيا",
        "timeZoneCode": "DE",
        "standardVariation": 60,
        "macCode": "",
        "macCodeApplicable": false
    },
    {
        "name": "هو تشي منه",
        "code": "SGN",
        "country": "VN",
        "longtitude": "1063907E",
        "latitude": "104908N",
        "shortName": "مطار هو تشي منه",
        "countryName": "فيتنام",
        "timeZoneCode": "VN",
        "standardVariation": 420,
        "macCode": "",
        "macCodeApplicable": false
    },
    {
        "name": "الجزائر",
        "code": "ALG",
        "country": "DZ",
        "longtitude": "0031253E",
        "latitude": "364139N",
        "shortName": "مطار هواري بومدين الدول",
        "countryName": "الجزائر",
        "timeZoneCode": "DZ",
        "standardVariation": 60,
        "macCode": "",
        "macCodeApplicable": false
    },
    {
        "name": "هونج كونج",
        "code": "HKG",
        "country": "CN",
        "longtitude": "1135500E",
        "latitude": "221900N",
        "shortName": "مطار هونج كونج",
        "countryName": "الصين",
        "timeZoneCode": "HK",
        "standardVariation": 480,
        "macCode": "",
        "macCodeApplicable": false
    },
    {
        "name": "وادي الدواسر",
        "code": "WAE",
        "country": "SA",
        "longtitude": "0451158E",
        "latitude": "203015N",
        "shortName": "مطار وادي الدواسر",
        "countryName": "المملكة العربية السعودية",
        "timeZoneCode": "SA",
        "standardVariation": 180,
        "macCode": "",
        "macCodeApplicable": false
    },
    {
        "name": "وهران",
        "code": "ORN",
        "country": "DZ",
        "longtitude": "0003716W",
        "latitude": "353726N",
        "shortName": "مطار وهران",
        "countryName": "الجزائر",
        "timeZoneCode": "DZ",
        "standardVariation": 60,
        "macCode": "",
        "macCodeApplicable": false
    },
    {
        "name": "باتومي",
        "code": "BUS",
        "country": "GE",
        "longtitude": "0413559E",
        "latitude": "413637N",
        "shortName": "مطار باتومي ألكسندر كارتفلي الدولي",
        "countryName": "جورجيا",
        "timeZoneCode": "GE",
        "standardVariation": 240,
        "macCode": "",
        "macCodeApplicable": false
    },
    {
        "name": "حيدر أباد",
        "code": "HYD",
        "country": "IN",
        "longtitude": "0782553E",
        "latitude": "171352N",
        "shortName": "مطار راجيف غاندي الدولي",
        "countryName": "الهند",
        "timeZoneCode": "IN",
        "standardVariation": 330,
        "macCode": "",
        "macCodeApplicable": false
    },
    {
        "name": "قوانغتشو",
        "code": "CAN",
        "country": "CN",
        "longtitude": "1131756E",
        "latitude": "232333N",
        "shortName": "مطارقوانغتشو باييون الدولي",
        "countryName": "الصين",
        "timeZoneCode": "CN",
        "standardVariation": 480,
        "macCode": "",
        "macCodeApplicable": false
    }
]